{"name":"888cb6e1-2771-4c35-b426-ab90906ae0be","id":"/providers/Microsoft.Flow/flows/888cb6e1-2771-4c35-b426-ab90906ae0be","type":"Microsoft.Flow/flows","properties":{"apiId":"/providers/Microsoft.PowerApps/apis/shared_logicflows","displayName":"Get Location List","definition":{"metadata":{"workflowEntityId":null,"processAdvisorMetadata":null,"flowclientsuspensionreason":"None","flowclientsuspensiontime":null,"creator":{"id":"95450519-2e98-4b36-b886-11b3e0db7a93","type":"User","tenantId":"938a3d4c-efc6-4e4b-92d4-428ad5963c12"},"provisioningMethod":"FromDefinition","failureAlertSubscription":true,"clientLastModifiedTime":"2021-09-22T15:25:44.1904644Z"},"$schema":"https://schema.management.azure.com/providers/Microsoft.Logic/schemas/2016-06-01/workflowdefinition.json#","contentVersion":"1.0.0.0","parameters":{"$connections":{"defaultValue":{},"type":"Object"},"$authentication":{"defaultValue":{},"type":"SecureObject"}},"triggers":{"manual":{"type":"Request","kind":"PowerApp","inputs":{"schema":{"type":"object","properties":{"Filterarray_Value":{"type":"any","description":"Choose a value","x-ms-powerflows-param-ispartial":false}},"required":["Filterarray_Value"]}}}},"actions":{"Fetch_Locations":{"runAfter":{"Initialize_Location_List_variable":["Succeeded"]},"type":"OpenApiConnection","inputs":{"host":{"apiId":"/providers/Microsoft.PowerApps/apis/shared_cqc-20connector-5fe7476e7da08e3cd1-5f27c746f25f88cf59","connectionName":"shared_cqc-20connector-5fe7476e7da08e3cd1-5f27c746f25f88cf59","operationId":"Locations"},"parameters":{"page":1,"perPage":100000},"authentication":{"value":"@json(decodeBase64(triggerOutputs().headers['X-MS-APIM-Tokens']))['$ConnectionKey']","type":"Raw"}}},"Initialize_Location_List_variable":{"runAfter":{},"type":"InitializeVariable","inputs":{"variables":[{"name":"Location List","type":"array","value":[]}]}},"Response":{"runAfter":{"Select":["Succeeded"]},"type":"Response","kind":"Http","inputs":{"statusCode":200,"body":"@body('Select')","schema":{"type":"array","items":{"type":"object","properties":{"LocationId":{"type":"string"},"LocationName":{"type":"string"},"PostCode":{"type":"string"}},"required":["LocationId","LocationName","PostCode"]}}}},"Filter_array":{"runAfter":{"Parse_JSON":["Succeeded"]},"type":"Query","inputs":{"from":"@body('Parse_JSON')?['locations']","where":"@contains(item()['postalCode'], triggerBody()['Filterarray_Value'])"}},"Parse_JSON":{"runAfter":{"Fetch_Locations":["Succeeded"]},"type":"ParseJson","inputs":{"content":"@outputs('Fetch_Locations')?['body']","schema":{"type":"object","properties":{"total":{"type":"integer"},"firstPageUri":{"type":"string"},"page":{"type":"integer"},"previousPageUri":{},"lastPageUri":{"type":"string"},"nextPageUri":{"type":"string"},"perPage":{"type":"integer"},"totalPages":{"type":"integer"},"locations":{"type":"array","items":{"type":"object","properties":{"locationId":{"type":"string"},"locationName":{"type":"string"},"postalCode":{"type":"string"}},"required":["locationId","locationName","postalCode"]}},"uri":{"type":"string"}}}}},"Select":{"runAfter":{"Filter_array":["Succeeded"]},"type":"Select","inputs":{"from":"@body('Filter_array')","select":{"LocationId":"@item()?['locationId']","LocationName":"@item()?['locationName']","PostCode":"@item()?['postalCode']"}}}},"outputs":{},"description":"Create one or more actions to happen when a button or link in Power Apps is selected. To use this flow from a Power App, select the control you want to trigger the flow and go to the Action tab in the Power Apps ribbon and select Flows."},"connectionReferences":{"shared_cqc-20connector-5fe7476e7da08e3cd1-5f27c746f25f88cf59":{"connectionName":"81c85c97-15ce-4263-8b05-2211-301c386a","source":"Invoker","id":"/providers/Microsoft.PowerApps/apis/shared_cqc-20connector-5fe7476e7da08e3cd1-5f27c746f25f88cf59","tier":"NotSpecified"}},"flowFailureAlertSubscribed":false}}