{"schemaVersion":"1.0","appDefinitionTemplate":{"id":"/providers/Microsoft.PowerApps/apps/","type":"Microsoft.PowerApps/apps","tags":{"primaryDeviceWidth":"1366","primaryDeviceHeight":"768","sienaVersion":"20211024T132719Z-3.21102.25.0","deviceCapabilities":"","supportsPortrait":"false","supportsLandscape":"true","primaryFormFactor":"Tablet","publisherVersion":"3.21102.25","minimumRequiredApiVersion":"2.2.0","hasComponent":"false","hasUnlockedComponent":"false","isUnifiedRootApp":"false"},"properties":{"appVersion":"2021-10-24T13:27:19Z","lifeCycleId":"Published","createdByClientVersion":{"major":3,"minor":21102,"build":25,"revision":0,"majorRevision":0,"minorRevision":0},"minClientVersion":{"major":3,"minor":21102,"build":25,"revision":0,"majorRevision":0,"minorRevision":0},"backgroundColor":"rgba(37, 62, 143, 1)","backgroundImageUri":"/4861012213727409051/N6f83f7c7-b872-491f-bec0-132c549ce40b-logoSmallFile","displayName":"CQC Browser","description":"","commitMessage":"","appUris":{"documentUri":{"value":"/4861012213727409051/N9a04baf7-6977-4da2-9bcd-e3b658e1be24-document.msapp"},"imageUris":[]},"createdTime":"0001-01-01T00:00:00Z","lastModifiedTime":"0001-01-01T00:00:00Z","sharedGroupsCount":0,"sharedUsersCount":0,"icons":{"smallIconUri":"/4861012213727409051/Nab3d2d68-6dfc-45cb-92d6-ba7f5003845c-small.png","mediumIconUri":"/4861012213727409051/Nddef5e00-ccf5-4f53-a6a7-f7b56a6d2902-medium.png","largeIconUri":"/4861012213727409051/N43f5c865-8f66-45c4-bc9f-fc6e83e95aee-large.png","wideIconUri":"/4861012213727409051/N551b4784-00ac-43e1-8462-9b6cf0819bda-wide.png"},"connectionReferences":{"91796093-4f99-4577-9123-3a1546b91f37":{"id":"a758717d-6914-407e-9424-f68d1a177535","displayName":"Logic flows","iconUri":"https://connectoricons-prod.azureedge.net/releases/v1.0.1438/1.0.1438.2324/logicflows/icon.png","dataSources":["GetLocationList"],"dependencies":["1f4ba4db-c2d8-4277-b3df-8bb91bf13ec0"],"dependents":[],"parameterHints":{"workflowName":{"value":"3d6cdd9e-f029-48d6-93e9-0486d84b774a"},"workflowEntityId":{},"1f4ba4db-c2d8-4277-b3df-8bb91bf13ec0":{"value":"shared_cqc-20connector-5fe7476e7da08e3cd1-5f27c746f25f88cf59"}},"parameterHintsV2":{"workflowName":{"value":"3d6cdd9e-f029-48d6-93e9-0486d84b774a"},"workflowEntityId":{},"shared_cqc-20connector-5fe7476e7da08e3cd1-5f27c746f25f88cf59":{"value":"1f4ba4db-c2d8-4277-b3df-8bb91bf13ec0"}},"isOnPremiseConnection":false,"bypassConsent":false,"dataSets":{},"apiTier":"Standard","isCustomApiConnection":false,"actions":["Run"]},"1f4ba4db-c2d8-4277-b3df-8bb91bf13ec0":{"id":"67fb98c7-4bce-49f1-978f-9234e044678c","displayName":"CQC Connector","iconUri":"https://az787822.vo.msecnd.net/defaulticons/api-dedicated.png","dataSources":[],"dependencies":[],"dependents":["91796093-4f99-4577-9123-3a1546b91f37","a8c54546-eea8-48bf-86c8-b9e5e11aa5b8"],"parameterHints":{},"parameterHintsV2":{},"isOnPremiseConnection":false,"bypassConsent":false,"dataSets":{},"apiTier":"Standard","isCustomApiConnection":true},"a8c54546-eea8-48bf-86c8-b9e5e11aa5b8":{"id":"a758717d-6914-407e-9424-f68d1a177535","displayName":"Logic flows","iconUri":"https://connectoricons-prod.azureedge.net/releases/v1.0.1438/1.0.1438.2324/logicflows/icon.png","dataSources":["GetLocationDetails"],"dependencies":["1f4ba4db-c2d8-4277-b3df-8bb91bf13ec0"],"dependents":[],"parameterHints":{"workflowName":{"value":"0bb423fe-f629-440e-b549-67a059175644"},"workflowEntityId":{},"1f4ba4db-c2d8-4277-b3df-8bb91bf13ec0":{"value":"shared_cqc-20connector-5fe7476e7da08e3cd1-5f27c746f25f88cf59"}},"parameterHintsV2":{"workflowName":{"value":"0bb423fe-f629-440e-b549-67a059175644"},"workflowEntityId":{},"shared_cqc-20connector-5fe7476e7da08e3cd1-5f27c746f25f88cf59":{"value":"1f4ba4db-c2d8-4277-b3df-8bb91bf13ec0"}},"isOnPremiseConnection":false,"bypassConsent":false,"dataSets":{},"apiTier":"Standard","isCustomApiConnection":false,"actions":["Run"]}},"databaseReferences":{},"almMode":"Environment","performanceOptimizationEnabled":true,"canConsumeAppPass":true,"executionRestrictions":{"isTeamsOnly":false,"dataLossPreventionEvaluationResult":{"status":"Compliant","lastEvaluationDate":"2021-05-15T13:58:27.9441144Z","violations":[],"violationsByPolicy":[],"violationErrorMessage":"The app uses the following connectors: ."}}},"appType":"ClassicCanvasApp","appComponents":[]}}