{"name":"f0933fe1-68d7-4d36-9b5c-a1d58951ce78","id":"/providers/Microsoft.Flow/flows/f0933fe1-68d7-4d36-9b5c-a1d58951ce78","type":"Microsoft.Flow/flows","properties":{"apiId":"/providers/Microsoft.PowerApps/apis/shared_logicflows","displayName":"Get Location Details","definition":{"metadata":{"workflowEntityId":null,"processAdvisorMetadata":null,"flowclientsuspensionreason":"None","flowclientsuspensiontime":null,"creator":{"id":"95450519-2e98-4b36-b886-11b3e0db7a93","type":"User","tenantId":"938a3d4c-efc6-4e4b-92d4-428ad5963c12"},"provisioningMethod":"FromDefinition","failureAlertSubscription":true,"clientLastModifiedTime":"2021-10-08T18:22:22.012185Z"},"$schema":"https://schema.management.azure.com/providers/Microsoft.Logic/schemas/2016-06-01/workflowdefinition.json#","contentVersion":"1.0.0.0","parameters":{"$connections":{"defaultValue":{},"type":"Object"},"$authentication":{"defaultValue":{},"type":"SecureObject"}},"triggers":{"manual":{"type":"Request","kind":"PowerApp","inputs":{"schema":{"type":"object","properties":{"Retrievealocationsdetails_TheorganisationIDofthelocation":{"type":"string","description":"The organisation ID of the location.","x-ms-powerflows-param-ispartial":false}},"required":["Retrievealocationsdetails_TheorganisationIDofthelocation"]}}}},"actions":{"Retrieve_a_locations_details":{"runAfter":{},"type":"OpenApiConnection","inputs":{"host":{"apiId":"/providers/Microsoft.PowerApps/apis/shared_cqc-20connector-5fe7476e7da08e3cd1-5f27c746f25f88cf59","connectionName":"shared_cqc-20connector-5fe7476e7da08e3cd1-5f27c746f25f88cf59","operationId":"LocationDetails"},"parameters":{"locationid":"@triggerBody()['Retrievealocationsdetails_TheorganisationIDofthelocation']"},"authentication":{"value":"@json(decodeBase64(triggerOutputs().headers['X-MS-APIM-Tokens']))['$ConnectionKey']","type":"Raw"}}},"Parse_JSON":{"runAfter":{"Retrieve_a_locations_details":["Succeeded"]},"type":"ParseJson","inputs":{"content":"@outputs('Retrieve_a_locations_details')?['body']","schema":{"type":"object","properties":{"locationId":{"type":"string"},"providerId":{"type":"string"},"organisationType":{"type":"string"},"type":{"type":"string"},"name":{"type":"string"},"brandId":{"type":"string"},"brandName":{"type":"string"},"onspdCcgCode":{"type":"string"},"onspdCcgName":{"type":"string"},"odsCcgCode":{"type":"string"},"odsCcgName":{"type":"string"},"odsCode":{"type":"string"},"uprn":{"type":"string"},"registrationStatus":{"type":"string"},"registrationDate":{"type":"string"},"dormancy":{"type":"string"},"numberOfBeds":{"type":"integer"},"postalAddressLine1":{"type":"string"},"postalAddressLine2":{"type":"string"},"postalAddressTownCity":{"type":"string"},"postalAddressCounty":{"type":"string"},"region":{"type":"string"},"postalCode":{"type":"string"},"onspdLatitude":{"type":"number"},"onspdLongitude":{"type":"number"},"careHome":{"type":"string"},"inspectionDirectorate":{"type":"string"},"mainPhoneNumber":{"type":"string"},"constituency":{"type":"string"},"localAuthority":{"type":"string"},"lastInspection":{"type":"object","properties":{"date":{"type":"string"}}},"relationships":{"type":"array","items":{"type":"object","properties":{"relatedLocationId":{"type":"string"},"relatedLocationName":{"type":"string"},"type":{"type":"string"},"reason":{"type":"string"}}}},"locationTypes":{"type":"array"},"regulatedActivities":{"type":"array","items":{"type":"object","properties":{"name":{"type":"string"},"code":{"type":"string"},"contacts":{"type":"array"}}}},"gacServiceTypes":{"type":"array","items":{"type":"object","properties":{"name":{"type":"string"},"description":{"type":"string"}}}},"inspectionCategories":{"type":"array","items":{"type":"object","properties":{"code":{"type":"string"},"primary":{"type":"string"},"name":{"type":"string"}}}},"specialisms":{"type":"array","items":{"type":"object","properties":{"name":{"type":"string"}}}},"inspectionAreas":{"type":"array","items":{"type":"object","properties":{"inspectionAreaId":{"type":"string"},"inspectionAreaName":{"type":"string"},"status":{"type":"string"}}}},"currentRatings":{"type":"object","properties":{"overall":{"type":"object","properties":{"rating":{"type":"string"},"reportDate":{"type":"string"},"reportLinkId":{"type":"string"},"keyQuestionRatings":{"type":"array","items":{"type":"object","properties":{"name":{"type":"string"},"rating":{"type":"string"},"reportDate":{"type":"string"},"reportLinkId":{"type":"string"}}}}}},"reportDate":{"type":"string"},"serviceRatings":{"type":"array","items":{"type":"object","properties":{"name":{"type":"string"},"rating":{"type":"string"},"reportDate":{"type":"string"},"reportLinkId":{"type":"string"}}}}}},"historicRatings":{"type":"array","items":{"type":"object","properties":{"reportLinkId":{"type":"string"},"reportDate":{"type":"string"},"overall":{"type":"object","properties":{"rating":{"type":"string"},"keyQuestionRatings":{"type":"array","items":{"type":"object","properties":{"name":{"type":"string"},"rating":{"type":"string"}}}}}},"serviceRatings":{"type":"array","items":{"type":"object","properties":{"name":{"type":"string"},"rating":{"type":"string"}},"required":["name","rating"]}}}}},"reports":{"type":"array","items":{"type":"object","properties":{"linkId":{"type":"string"},"reportDate":{"type":"string"},"reportUri":{"type":"string"},"firstVisitDate":{"type":"string"},"reportType":{"type":"string"}}}}}}}},"Initialize_list_of_regulated_activities":{"runAfter":{"Parse_JSON":["Succeeded"]},"type":"InitializeVariable","inputs":{"variables":[{"name":"ListOfRegulatedActivites","type":"string"}]}},"Response":{"runAfter":{"Create_JSON_response":["Succeeded"]},"type":"Response","kind":"Http","inputs":{"statusCode":200,"body":"@outputs('Create_JSON_response')","schema":{"type":"object","properties":{"type":{"type":"string"},"regulatedactivities":{"type":"string"},"name":{"type":"string"},"website":{"type":"string"},"addressline1":{"type":"string"},"addressline2":{"type":"string"},"addresstowncity":{"type":"string"},"addresspostcode":{"type":"string"},"phone":{"type":"string"},"latitude":{"type":"string"},"longitude":{"type":"string"},"noofbeds":{"type":"string"},"ratings":{"type":"array","items":{"type":"object","properties":{"name":{"type":"string"},"rating":{"type":"string"},"ratingreportdate":{"type":"string"},"ratingreportrink":{"type":"string"}},"required":["name","rating","ratingreportdate","ratingreportrink"]}}}}}},"Initialize_ratings_array":{"runAfter":{"Are_there_any_regulated_activities":["Succeeded"]},"type":"InitializeVariable","inputs":{"variables":[{"name":"RatingsArray","type":"array","value":[]}]}},"Are_there_any_regulated_activities":{"actions":{"Set_variable":{"runAfter":{},"type":"SetVariable","inputs":{"name":"ListOfRegulatedActivites","value":"No Regulated Activities"}}},"runAfter":{"Initialize_list_of_regulated_activities":["Succeeded"]},"else":{"actions":{"Apply_to_each":{"foreach":"@body('Parse_JSON')?['regulatedActivities']","actions":{"Append_to_string_variable":{"runAfter":{},"type":"AppendToStringVariable","inputs":{"name":"ListOfRegulatedActivites","value":"@{items('Apply_to_each')['name']}; "}}},"runAfter":{},"type":"Foreach"}}},"expression":{"equals":["@length(body('Parse_JSON')?['regulatedActivities'])",0]},"type":"If"},"Create_JSON_response":{"runAfter":{"Do_we_have_any_current_ratings":["Succeeded"]},"type":"Compose","inputs":{"type":"@{body('Parse_JSON')?['type']}","regulatedactivities":"@{variables('ListOfRegulatedActivites')}","name":"@{outputs('Retrieve_a_locations_details')?['body/name']}","website":"@{outputs('Retrieve_a_locations_details')?['body/website']}","addressline1":"@{outputs('Retrieve_a_locations_details')?['body/postalAddressLine1']}","addressline2":"@{outputs('Retrieve_a_locations_details')?['body/postalAddressLine2']}","addresstowncity":"@{outputs('Retrieve_a_locations_details')?['body/postalAddressTownCity']}","addresspostcode":"@{outputs('Retrieve_a_locations_details')?['body/postalCode']}","phone":"@{outputs('Retrieve_a_locations_details')?['body/mainPhoneNumber']}","latitude":"@{outputs('Retrieve_a_locations_details')?['body/onspdLatitude']}","longitude":"@{outputs('Retrieve_a_locations_details')?['body/onspdLongitude']}","noofbeds":"@{outputs('Retrieve_a_locations_details')?['body/numberOfBeds']}","ratings":"@variables('RatingsArray')"}},"Do_we_have_any_current_ratings":{"actions":{},"runAfter":{"Initialize_ratings_array":["Succeeded"]},"else":{"actions":{"Current_Ratings_To_Array":{"foreach":"@body('Parse_JSON')?['currentRatings']?['overall']?['keyQuestionRatings']","actions":{"Compose":{"runAfter":{},"type":"Compose","inputs":{"name":"@{items('Current_Ratings_To_Array')['name']}","rating":"@{items('Current_Ratings_To_Array')['rating']}","ratingreportdate":"@{items('Current_Ratings_To_Array')['reportDate']}","ratingreportrink":"@{items('Current_Ratings_To_Array')['reportLinkId']}"}},"Append_to_array_variable":{"runAfter":{"Compose":["Succeeded"]},"type":"AppendToArrayVariable","inputs":{"name":"RatingsArray","value":"@outputs('Compose')"}}},"runAfter":{},"type":"Foreach"}}},"expression":{"equals":["@length(body('Parse_JSON')?['currentRatings']?['overall']?['keyQuestionRatings'])",0]},"type":"If"}},"outputs":{},"description":"Create one or more actions to happen when a button or link in Power Apps is selected. To use this flow from a Power App, select the control you want to trigger the flow and go to the Action tab in the Power Apps ribbon and select Flows."},"connectionReferences":{"shared_cqc-20connector-5fe7476e7da08e3cd1-5f27c746f25f88cf59":{"connectionName":"81c85c97-15ce-4263-8b05-2211-301c386a","source":"Invoker","id":"/providers/Microsoft.PowerApps/apis/shared_cqc-20connector-5fe7476e7da08e3cd1-5f27c746f25f88cf59","tier":"NotSpecified"}},"flowFailureAlertSubscribed":false}}